combo,run,Tasks Completed,Throughput (MB),Avg Latency (ms),Tasks Dropped,Success Rate (%),Sched Overhead (ms),P2P Offloads,Average Throughput-Thr,UAV Utilization,Capacity Utilization,Unassigned Tasks,Repair Queue Len,Invalid Assigns,Reassigned Tasks
MOGS/PPO,1,60.0,28.6102,492.98,340.0,15.0,2.4123,1.0,0.15,0.3417,0.0083,85.0,,,
MOGS/PPO,2,64.0,30.5176,526.72,336.0,16.0,1.3855,0.0,0.16,0.4083,0.0083,84.0,,,
MOGS/PPO,3,91.0,43.3922,504.33,309.0,22.75,1.8912,0.0,0.2275,0.45,0.0128,77.25,,,
MOGS/PPO,4,90.0,42.9153,440.05,310.0,22.5,1.6873,0.0,0.225,0.4083,0.0128,77.5,,,
MOGS/PPO,5,45.0,21.4577,546.36,355.0,11.25,2.5818,1.0,0.1125,0.2833,0.0062,88.75,,,
MOGS/PPO,6,38.0,18.1198,544.72,362.0,9.5,1.556,0.0,0.095,0.2083,0.0043,90.5,,,
MOGS/PPO,7,91.0,43.3922,481.15,409.0,18.2,3.8947,0.0,0.182,0.3667,0.0116,81.8,,,
MOGS/PPO,8,46.0,21.9345,457.04,354.0,11.5,6.233,3.0,0.115,0.2583,0.0064,88.5,,,
MOGS/PPO,9,41.0,19.5503,480.53,359.0,10.25,2.9915,0.0,0.1025,0.275,0.0056,89.75,,,
MOGS/PPO,10,78.0,37.1933,496.72,322.0,19.5,2.0217,0.0,0.195,0.325,0.0114,80.5,,,
MOGS/CAR,1,183.0,87.2612,466.69,217.0,45.75,4.1997,10.0,0.4575,0.9167,0.0266,54.25,,,
MOGS/CAR,2,154.0,73.4329,510.73,246.0,38.5,3.0764,0.0,0.385,0.9167,0.0214,61.5,,,
MOGS/CAR,3,173.0,82.4928,602.79,227.0,43.25,8.0624,2.0,0.4325,0.9,0.0239,56.75,,,
MOGS/CAR,4,41.0,19.5503,456.6,359.0,10.25,5.2537,1.0,0.1025,0.2,0.0063,89.75,,,
MOGS/CAR,5,42.0,20.0272,530.39,358.0,10.5,2.7156,0.0,0.105,0.2083,0.0057,89.5,,,
MOGS/CAR,6,41.0,19.5503,521.35,359.0,10.25,3.9086,0.0,0.1025,0.2583,0.0059,89.75,,,
MOGS/CAR,7,57.0,27.1797,578.84,343.0,14.25,2.2546,0.0,0.1425,0.3417,0.0077,85.75,,,
MOGS/CAR,8,86.0,41.008,577.72,314.0,21.5,3.6913,1.0,0.215,0.4667,0.0125,78.5,,,
MOGS/CAR,9,48.0,22.8882,507.15,352.0,12.0,1.9363,0.0,0.12,0.2667,0.0069,88.0,,,
BIDDING/PPO,1,70.0,33.3786,549.94,330.0,17.5,332.0159,0.0,0.175,0.3167,0.0101,82.5,,,
BIDDING/PPO,2,18.0,8.5831,492.13,382.0,4.5,131.4266,0.0,0.045,0.1833,0.0027,95.5,,,
BIDDING/PPO,3,54.0,25.7492,505.02,346.0,13.5,137.1304,0.0,0.135,0.3167,0.0081,86.5,,,
BIDDING/PPO,4,65.0,30.9944,563.83,335.0,16.25,143.3074,0.0,0.1625,0.3333,0.0094,83.75,,,
BIDDING/PPO,5,60.0,28.6102,502.85,340.0,15.0,94.0411,0.0,0.15,0.375,0.0084,85.0,,,
BIDDING/PPO,6,38.0,18.1198,471.78,362.0,9.5,137.6927,0.0,0.095,0.25,0.005,90.5,,,
BIDDING/PPO,7,59.0,28.1334,454.14,341.0,14.75,134.1923,0.0,0.1475,0.3417,0.0087,85.25,,,
BIDDING/PPO,8,97.0,46.2532,487.3,303.0,24.25,177.528,0.0,0.2425,0.4667,0.0137,75.75,,,
BIDDING/PPO,9,80.0,38.147,554.95,320.0,20.0,92.8748,0.0,0.2,0.4167,0.0102,80.0,,,
BIDDING/CAR,1,58.0,27.6566,464.05,342.0,14.5,116.5565,0.0,0.145,0.2583,0.0081,85.5,,,
BIDDING/CAR,2,80.0,38.147,524.47,320.0,20.0,213.9888,0.0,0.2,0.375,0.0106,80.0,,,
BIDDING/CAR,3,52.0,24.7955,438.15,348.0,13.0,200.1753,0.0,0.13,0.3083,0.0078,87.0,,,
BIDDING/CAR,4,70.0,33.3786,558.76,330.0,17.5,159.8186,0.0,0.175,0.3167,0.0107,82.5,,,
BIDDING/CAR,5,56.0,26.7029,582.4,344.0,14.0,208.1387,0.0,0.14,0.3083,0.0075,86.0,,,
BIDDING/CAR,6,74.0,35.2859,535.04,326.0,18.5,142.6403,0.0,0.185,0.3917,0.0114,81.5,,,
BIDDING/CAR,7,73.0,34.8091,525.91,327.0,18.25,126.1156,0.0,0.1825,0.35,0.0095,81.75,,,
BIDDING/CAR,8,58.0,27.6566,536.15,342.0,14.5,196.4536,0.0,0.145,0.325,0.0075,85.5,,,
BIDDING/CAR,9,54.0,25.7492,455.35,346.0,13.5,176.2001,0.0,0.135,0.3083,0.0072,86.5,,,
BIDDING/CAR,10,197.0,93.9369,533.58,203.0,49.25,163.8262,0.0,0.4925,0.875,0.027,50.75,,,
DYNAMIC/PPO,1,43.0,20.504,528.89,357.0,10.75,2.1933,1.0,0.1075,0.2917,0.0063,89.25,100.0,0.0,0.0
DYNAMIC/PPO,2,54.0,25.7492,505.98,346.0,13.5,1.588,1.0,0.135,0.4083,0.0074,86.5,100.0,0.0,0.0
DYNAMIC/PPO,3,66.0,31.4713,537.43,334.0,16.5,2.7695,0.0,0.165,0.375,0.0096,83.5,100.0,0.0,0.0
DYNAMIC/PPO,4,83.0,39.5775,435.39,317.0,20.75,1.6543,0.0,0.2075,0.2833,0.0106,79.25,100.0,0.0,0.0
DYNAMIC/PPO,5,81.0,38.6238,434.77,319.0,20.25,1.8747,5.0,0.2025,0.3667,0.0109,79.75,100.0,0.0,0.0
DYNAMIC/PPO,6,72.0,34.3323,560.1,328.0,18.0,2.1259,1.0,0.18,0.4,0.0104,82.0,100.0,0.0,0.0
DYNAMIC/PPO,7,73.0,34.8091,527.03,409.0,18.2,6.5204,1.0,0.146,0.4933,0.0123,81.8,100.0,0.0,0.0
DYNAMIC/PPO,8,95.0,45.2995,449.7,405.0,19.0,1.2269,3.0,0.19,0.5,0.0131,81.0,100.0,0.0,0.0
DYNAMIC/PPO,9,24.0,11.4441,500.28,376.0,6.0,1.8567,0.0,0.06,0.1417,0.0031,94.0,100.0,0.0,0.0
DYNAMIC/PPO,10,80.0,38.147,498.31,320.0,20.0,6.134,2.0,0.2,0.475,0.0114,80.0,100.0,0.0,0.0
DYNAMIC/CAR,1,52.0,24.7955,484.16,348.0,13.0,22.8615,0.0,0.13,0.3167,0.0076,87.0,100.0,0.0,0.0
DYNAMIC/CAR,2,66.0,31.4713,515.43,334.0,16.5,2.4299,0.0,0.165,0.3667,0.0096,83.5,100.0,0.0,0.0
DYNAMIC/CAR,3,83.0,39.5775,467.92,317.0,20.75,1.5576,9.0,0.2075,0.3333,0.0112,79.25,100.0,0.0,0.0
DYNAMIC/CAR,4,58.0,27.6566,519.18,342.0,14.5,1.7284,2.0,0.145,0.3417,0.0084,85.5,100.0,0.0,0.0
DYNAMIC/CAR,5,103.0,49.1142,507.23,297.0,25.75,2.3473,0.0,0.2575,0.5417,0.0148,74.25,100.0,0.0,0.0
DYNAMIC/CAR,6,107.0,51.0216,404.9,293.0,26.75,5.2568,3.0,0.2675,0.475,0.0148,73.25,100.0,0.0,0.0
DYNAMIC/CAR,7,67.0,31.9481,581.96,333.0,16.75,1.6546,0.0,0.1675,0.375,0.0092,83.25,100.0,0.0,0.0
DYNAMIC/CAR,8,74.0,35.2859,459.09,326.0,18.5,2.9114,0.0,0.185,0.3833,0.01,81.5,100.0,0.0,0.0
DYNAMIC/CAR,9,53.0,25.2724,569.09,347.0,13.25,1.2712,0.0,0.1325,0.2417,0.0071,86.75,100.0,0.0,0.0
DYNAMIC/CAR,10,54.0,25.7492,451.78,346.0,13.5,1.2801,0.0,0.135,0.325,0.0076,86.5,100.0,0.0,0.0
